{"cameraMode":{"drawMode":0,"name":"Shaded","section":"Shading Mode"},"sceneLighting":true,"audioPlay":false,"sceneViewState":{"showFog":false,"showMaterialUpdate":false,"showSkybox":false,"showFlares":false,"showImageEffects":false,"showParticleSystems":false},"in2DMode":false,"pivot":{"x":624.263671875,"y":497.46478271484377,"z":-40.65771484375},"rotation":{"x":0.09430048614740372,"y":-0.03523218259215355,"z":0.003339685732498765,"w":0.9949150681495667},"size":842.7294311523438,"orthographic":false}