{"cameraMode":{"drawMode":0,"name":"Shaded","section":"Shading Mode"},"sceneLighting":false,"audioPlay":false,"sceneViewState":{"showFog":false,"showMaterialUpdate":false,"showSkybox":false,"showFlares":false,"showImageEffects":false,"showParticleSystems":false},"in2DMode":false,"pivot":{"x":0.17747128009796143,"y":1.9718446731567383,"z":0.2534120976924896},"rotation":{"x":0.19082985818386079,"y":0.23791463673114777,"z":-0.04773237556219101,"w":0.9511587619781494},"size":3.1086795330047609,"orthographic":false}